[{"Date":"2016-03-01","Steps":5526,"Floors":2,"Distance":2,"Calories":2336},{"Date":"2016-03-02","Steps":6702,"Floors":0,"Distance":5,"Calories":2135},{"Date":"2016-03-03","Steps":7121,"Floors":0,"Distance":4,"Calories":1572},{"Date":"2016-03-04","Steps":5756,"Floors":0,"Distance":4,"Calories":1585},{"Date":"2016-03-05","Steps":5967,"Floors":2,"Distance":2,"Calories":1471},{"Date":"2016-03-06","Steps":7030,"Floors":0,"Distance":5,"Calories":1490},{"Date":"2016-03-07","Steps":8880,"Floors":2,"Distance":4,"Calories":2254},{"Date":"2016-03-08","Steps":8690,"Floors":2,"Distance":4,"Calories":2678},{"Date":"2016-03-09","Steps":11732,"Floors":0,"Distance":8,"Calories":2588},{"Date":"2016-03-10","Steps":10571,"Floors":2,"Distance":5,"Calories":3085},{"Date":"2016-03-11","Steps":12166,"Floors":0,"Distance":8,"Calories":2360},{"Date":"2016-03-12","Steps":11496,"Floors":0,"Distance":8,"Calories":1720},{"Date":"2016-03-13","Steps":8634,"Floors":0,"Distance":6,"Calories":2492},{"Date":"2016-03-14","Steps":11476,"Floors":0,"Distance":7,"Calories":2437},{"Date":"2016-03-15","Steps":8398,"Floors":2,"Distance":4,"Calories":2211},{"Date":"2016-03-16","Steps":11284,"Floors":3,"Distance":5,"Calories":3419},{"Date":"2016-03-17","Steps":8937,"Floors":3,"Distance":4,"Calories":1893},{"Date":"2016-03-18","Steps":11526,"Floors":0,"Distance":7,"Calories":2449},{"Date":"2016-03-19","Steps":9754,"Floors":0,"Distance":6,"Calories":3723},{"Date":"2016-03-20","Steps":9348,"Floors":2,"Distance":5,"Calories":2120},{"Date":"2016-03-21","Steps":10868,"Floors":3,"Distance":6,"Calories":2687},{"Date":"2016-03-22","Steps":12054,"Floors":3,"Distance":5,"Calories":2161},{"Date":"2016-03-23","Steps":10253,"Floors":2,"Distance":5,"Calories":3179},{"Date":"2016-03-24","Steps":11314,"Floors":4,"Distance":4,"Calories":1809},{"Date":"2016-03-25","Steps":11962,"Floors":0,"Distance":7,"Calories":3473},{"Date":"2016-03-26","Steps":10459,"Floors":0,"Distance":7,"Calories":1835},{"Date":"2016-03-27","Steps":9557,"Floors":3,"Distance":5,"Calories":2440},{"Date":"2016-03-28","Steps":10662,"Floors":3,"Distance":5,"Calories":2206},{"Date":"2016-03-29","Steps":9528,"Floors":0,"Distance":6,"Calories":2577},{"Date":"2016-03-30","Steps":9600,"Floors":3,"Distance":4,"Calories":1799},{"Date":"2016-03-31","Steps":10760,"Floors":0,"Distance":7,"Calories":3227}]
