{"performance_hist":[{"Date":"2016-03-25","Steps":11962,"Floors":0,"Distance":7,"Calories":3473},{"Date":"2016-03-26","Steps":10459,"Floors":0,"Distance":7,"Calories":1835},{"Date":"2016-03-27","Steps":9557,"Floors":3,"Distance":5,"Calories":2440},{"Date":"2016-03-28","Steps":10662,"Floors":3,"Distance":5,"Calories":2206},{"Date":"2016-03-29","Steps":9528,"Floors":0,"Distance":6,"Calories":2577},{"Date":"2016-03-30","Steps":9600,"Floors":3,"Distance":4,"Calories":1799},{"Date":"2016-03-31","Steps":10760,"Floors":0,"Distance":7,"Calories":3227}],"performance_lastday":[{"Steps":10760,"Floors":0,"Distance":7,"Calories":3227}]}
