[{"Date":"2010","mean_steps":9935.5425,"mean_floors":1.5452,"mean_distance":5.4767,"mean_calories":2428.5808},{"Date":"2011","mean_steps":10076.3699,"mean_floors":1.5781,"mean_distance":5.5973,"mean_calories":2529.8712},{"Date":"2012","mean_steps":9970.1148,"mean_floors":1.6776,"mean_distance":5.4699,"mean_calories":2427.541},{"Date":"2013","mean_steps":9901.8904,"mean_floors":1.6137,"mean_distance":5.4767,"mean_calories":2446.1753},{"Date":"2014","mean_steps":10089.1562,"mean_floors":1.5315,"mean_distance":5.6356,"mean_calories":2489.9397},{"Date":"2015","mean_steps":9884.9014,"mean_floors":1.6055,"mean_distance":5.4274,"mean_calories":2367.3726},{"Date":"2016","mean_steps":9772.9451,"mean_floors":1.5165,"mean_distance":5.3626,"mean_calories":2444.4396}]
