[{"Date":"2010","mean_sleeping":384.2356,"mean_awake":5.789,"mean_awakening":0.2932,"mean_in_bed":390.0247},{"Date":"2011","mean_sleeping":384.1699,"mean_awake":7.1288,"mean_awakening":0.3644,"mean_in_bed":391.2986},{"Date":"2012","mean_sleeping":383.1202,"mean_awake":8.0273,"mean_awakening":0.4208,"mean_in_bed":391.1475},{"Date":"2013","mean_sleeping":382.1123,"mean_awake":8.2658,"mean_awakening":0.4219,"mean_in_bed":390.3781},{"Date":"2014","mean_sleeping":385.326,"mean_awake":7.0986,"mean_awakening":0.3699,"mean_in_bed":392.4247},{"Date":"2015","mean_sleeping":376.5479,"mean_awake":8.3151,"mean_awakening":0.4055,"mean_in_bed":384.863},{"Date":"2016","mean_sleeping":381.1978,"mean_awake":8.8352,"mean_awakening":0.3956,"mean_in_bed":390.033}]
