{"sleep_hist":[{"Date":"2016-03-25","Sleeping":441,"Awake":0,"Awakening":0,"In_Bed":441},{"Date":"2016-03-26","Sleeping":321,"Awake":0,"Awakening":0,"In_Bed":321},{"Date":"2016-03-27","Sleeping":429,"Awake":21,"Awakening":1,"In_Bed":450},{"Date":"2016-03-28","Sleeping":378,"Awake":0,"Awakening":0,"In_Bed":378},{"Date":"2016-03-29","Sleeping":454,"Awake":23,"Awakening":1,"In_Bed":477},{"Date":"2016-03-30","Sleeping":441,"Awake":0,"Awakening":0,"In_Bed":441},{"Date":"2016-03-31","Sleeping":324,"Awake":0,"Awakening":0,"In_Bed":324}],"sleep_lastday":[{"Sleeping":324,"Awake":0,"Awakening":0,"In_Bed":324}]}
