[{"Date":"2016-03-01","Sleeping":405,"Awake":0,"Awakening":0,"In_Bed":405},{"Date":"2016-03-02","Sleeping":336,"Awake":0,"Awakening":0,"In_Bed":336},{"Date":"2016-03-03","Sleeping":315,"Awake":0,"Awakening":0,"In_Bed":315},{"Date":"2016-03-04","Sleeping":462,"Awake":0,"Awakening":0,"In_Bed":462},{"Date":"2016-03-05","Sleeping":327,"Awake":0,"Awakening":0,"In_Bed":327},{"Date":"2016-03-06","Sleeping":360,"Awake":21,"Awakening":1,"In_Bed":381},{"Date":"2016-03-07","Sleeping":357,"Awake":60,"Awakening":2,"In_Bed":417},{"Date":"2016-03-08","Sleeping":336,"Awake":0,"Awakening":0,"In_Bed":336},{"Date":"2016-03-09","Sleeping":471,"Awake":0,"Awakening":0,"In_Bed":471},{"Date":"2016-03-10","Sleeping":414,"Awake":27,"Awakening":1,"In_Bed":441},{"Date":"2016-03-11","Sleeping":357,"Awake":0,"Awakening":0,"In_Bed":357},{"Date":"2016-03-12","Sleeping":396,"Awake":0,"Awakening":0,"In_Bed":396},{"Date":"2016-03-13","Sleeping":447,"Awake":0,"Awakening":0,"In_Bed":447},{"Date":"2016-03-14","Sleeping":306,"Awake":0,"Awakening":0,"In_Bed":306},{"Date":"2016-03-15","Sleeping":318,"Awake":0,"Awakening":0,"In_Bed":318},{"Date":"2016-03-16","Sleeping":300,"Awake":0,"Awakening":0,"In_Bed":300},{"Date":"2016-03-17","Sleeping":315,"Awake":0,"Awakening":0,"In_Bed":315},{"Date":"2016-03-18","Sleeping":327,"Awake":0,"Awakening":0,"In_Bed":327},{"Date":"2016-03-19","Sleeping":393,"Awake":0,"Awakening":0,"In_Bed":393},{"Date":"2016-03-20","Sleeping":378,"Awake":0,"Awakening":0,"In_Bed":378},{"Date":"2016-03-21","Sleeping":306,"Awake":0,"Awakening":0,"In_Bed":306},{"Date":"2016-03-22","Sleeping":330,"Awake":0,"Awakening":0,"In_Bed":330},{"Date":"2016-03-23","Sleeping":381,"Awake":42,"Awakening":2,"In_Bed":423},{"Date":"2016-03-24","Sleeping":453,"Awake":0,"Awakening":0,"In_Bed":453},{"Date":"2016-03-25","Sleeping":441,"Awake":0,"Awakening":0,"In_Bed":441},{"Date":"2016-03-26","Sleeping":321,"Awake":0,"Awakening":0,"In_Bed":321},{"Date":"2016-03-27","Sleeping":429,"Awake":21,"Awakening":1,"In_Bed":450},{"Date":"2016-03-28","Sleeping":378,"Awake":0,"Awakening":0,"In_Bed":378},{"Date":"2016-03-29","Sleeping":454,"Awake":23,"Awakening":1,"In_Bed":477},{"Date":"2016-03-30","Sleeping":441,"Awake":0,"Awakening":0,"In_Bed":441},{"Date":"2016-03-31","Sleeping":324,"Awake":0,"Awakening":0,"In_Bed":324}]
