[{"Date":"2016-03-01","Sedentary":703,"Mobile":54,"Active":89,"Very_Active":189},{"Date":"2016-03-02","Sedentary":769,"Mobile":49,"Active":148,"Very_Active":138},{"Date":"2016-03-03","Sedentary":911,"Mobile":18,"Active":164,"Very_Active":32},{"Date":"2016-03-04","Sedentary":805,"Mobile":22,"Active":106,"Very_Active":45},{"Date":"2016-03-05","Sedentary":934,"Mobile":10,"Active":153,"Very_Active":16},{"Date":"2016-03-06","Sedentary":869,"Mobile":57,"Active":147,"Very_Active":7},{"Date":"2016-03-07","Sedentary":728,"Mobile":117,"Active":84,"Very_Active":154},{"Date":"2016-03-08","Sedentary":583,"Mobile":32,"Active":260,"Very_Active":229},{"Date":"2016-03-09","Sedentary":500,"Mobile":29,"Active":220,"Very_Active":220},{"Date":"2016-03-10","Sedentary":603,"Mobile":72,"Active":0,"Very_Active":351},{"Date":"2016-03-11","Sedentary":718,"Mobile":104,"Active":81,"Very_Active":180},{"Date":"2016-03-12","Sedentary":699,"Mobile":82,"Active":235,"Very_Active":28},{"Date":"2016-03-13","Sedentary":561,"Mobile":125,"Active":113,"Very_Active":194},{"Date":"2016-03-14","Sedentary":790,"Mobile":90,"Active":48,"Very_Active":206},{"Date":"2016-03-15","Sedentary":870,"Mobile":16,"Active":54,"Very_Active":182},{"Date":"2016-03-16","Sedentary":576,"Mobile":71,"Active":94,"Very_Active":399},{"Date":"2016-03-17","Sedentary":857,"Mobile":11,"Active":158,"Very_Active":99},{"Date":"2016-03-18","Sedentary":537,"Mobile":161,"Active":273,"Very_Active":142},{"Date":"2016-03-19","Sedentary":462,"Mobile":36,"Active":75,"Very_Active":474},{"Date":"2016-03-20","Sedentary":595,"Mobile":136,"Active":241,"Very_Active":90},{"Date":"2016-03-21","Sedentary":591,"Mobile":166,"Active":168,"Very_Active":209},{"Date":"2016-03-22","Sedentary":507,"Mobile":49,"Active":476,"Very_Active":78},{"Date":"2016-03-23","Sedentary":546,"Mobile":161,"Active":11,"Very_Active":341},{"Date":"2016-03-24","Sedentary":534,"Mobile":47,"Active":378,"Very_Active":28},{"Date":"2016-03-25","Sedentary":281,"Mobile":163,"Active":192,"Very_Active":363},{"Date":"2016-03-26","Sedentary":805,"Mobile":46,"Active":199,"Very_Active":69},{"Date":"2016-03-27","Sedentary":533,"Mobile":144,"Active":167,"Very_Active":167},{"Date":"2016-03-28","Sedentary":636,"Mobile":85,"Active":213,"Very_Active":128},{"Date":"2016-03-29","Sedentary":510,"Mobile":152,"Active":124,"Very_Active":200},{"Date":"2016-03-30","Sedentary":615,"Mobile":80,"Active":266,"Very_Active":38},{"Date":"2016-03-31","Sedentary":578,"Mobile":76,"Active":105,"Very_Active":357}]
