{"activity_hist" : [{"Date":"2016-03-25","Sedentary":281,"Mobile":163,"Active":192,"Very_Active":363},{"Date":"2016-03-26","Sedentary":805,"Mobile":46,"Active":199,"Very_Active":69},{"Date":"2016-03-27","Sedentary":533,"Mobile":144,"Active":167,"Very_Active":167},{"Date":"2016-03-28","Sedentary":636,"Mobile":85,"Active":213,"Very_Active":128},{"Date":"2016-03-29","Sedentary":510,"Mobile":152,"Active":124,"Very_Active":200},{"Date":"2016-03-30","Sedentary":615,"Mobile":80,"Active":266,"Very_Active":38},{"Date":"2016-03-31","Sedentary":578,"Mobile":76,"Active":105,"Very_Active":357}], "activity_lastday" : [{"Sedentary":578,"Mobile":76,"Active":105,"Very_Active":357}]}
