[{"years":"2010","mean_sedentary":612.7425,"mean_mobile":75.4822,"mean_active":186.3452,"mean_very_active":181.1945}, {"years":"2011","mean_sedentary":604.5836,"mean_mobile":72.6548,"mean_active":173.7479,"mean_very_active":204.8438},{"years":"2012","mean_sedentary":602.9454,"mean_mobile":79.2787,"mean_active":196.9126,"mean_very_active":177.7432},{"years":"2013","mean_sedentary":611.0767,"mean_mobile":74.7973,"mean_active":187.3041,"mean_very_active":184.7096},{"years":"2014","mean_sedentary":598.3096,"mean_mobile":72.8329,"mean_active":190.0055,"mean_very_active":193.526},{"years":"2015","mean_sedentary":615.363,"mean_mobile":71.3808,"mean_active":190.7685,"mean_very_active":181.5507},{"years":"2016","mean_sedentary":610.0989,"mean_mobile":79.2967,"mean_active":186.1538,"mean_very_active":183.2527}]
