{"weight_hist": [{"Date":"2016-03-01","Weight":90.8},{"Date":"2016-03-02","Weight":90.8},{"Date":"2016-03-03","Weight":90.8},{"Date":"2016-03-04","Weight":90.8},{"Date":"2016-03-05","Weight":90.81},{"Date":"2016-03-06","Weight":90.83},{"Date":"2016-03-07","Weight":90.83},{"Date":"2016-03-08","Weight":90.83},{"Date":"2016-03-09","Weight":90.83},{"Date":"2016-03-10","Weight":90.83},{"Date":"2016-03-11","Weight":90.81},{"Date":"2016-03-12","Weight":90.81},{"Date":"2016-03-13","Weight":90.82},{"Date":"2016-03-14","Weight":90.82},{"Date":"2016-03-15","Weight":90.82},{"Date":"2016-03-16","Weight":90.82},{"Date":"2016-03-17","Weight":90.8},{"Date":"2016-03-18","Weight":90.8},{"Date":"2016-03-19","Weight":90.8},{"Date":"2016-03-20","Weight":90.77},{"Date":"2016-03-21","Weight":90.78},{"Date":"2016-03-22","Weight":90.78},{"Date":"2016-03-23","Weight":90.79},{"Date":"2016-03-24","Weight":90.78},{"Date":"2016-03-25","Weight":90.8},{"Date":"2016-03-26","Weight":90.81},{"Date":"2016-03-27","Weight":90.81},{"Date":"2016-03-28","Weight":90.81},{"Date":"2016-03-29","Weight":90.81},{"Date":"2016-03-30","Weight":90.81},{"Date":"2016-03-31","Weight":90.83}]}